<?xml version='1.0' encoding='utf-8' standalone='yes' ?>
<map>
    <string name="viper4android.speakerfx.limiter">80</string>
    <string name="viper4android.headphonefx.reverb.damp">10</string>
    <string name="viper4android.headphonefx.convolver.kernel">/storage/emulated/legacy/ViPER4Android/Kernel/Sony Xperia ((128K MP3)) ClearAudio+.irs</string>
    <string name="viper4android.headphonefx.outvol">200</string>
    <boolean name="viper4android.headphonefx.convolver.enable" value="true" />
    <string name="viper4android.headphonefx.reverb.roomsize">0</string>
    <boolean name="viper4android.headphonefx.playbackgain.enable" value="false" />
    <string name="viper4android.headphonefx.fireq">-2.5;-2.5;0.0;0.0;0.0;0.0;0.6;3.5;1.5;-2.0;</string>
    <boolean name="viper4android.speakerfx.spkopt.enable" value="false" />
    <boolean name="viper4android.headphonefx.fireq.enable" value="true" />
    <string name="viper4android.headphonefx.playbackgain.volume">90</string>
    <string name="viper4android.headphonefx.convolver.crosschannel">0</string>
    <boolean name="viper4android.global.forceenable.enable" value="false" />
    <string name="viper4android.headphonefx.reverb.dry">50</string>
    <string name="viper4android.headphonefx.playbackgain.ratio">100</string>
    <boolean name="viper4android.speakerfx.enable" value="true" />
    <string name="viper4android.headphonefx.playbackgain.maxscaler">400</string>
    <string name="viper4android.headphonefx.fireq.custom">-2.5;-2.5;0.0;0.0;0.0;0.0;0.6;3.5;1.5;-2.0;</string>
    <boolean name="viper4android.headphonefx.reverb.enable" value="false" />
    <string name="viper4android.headphonefx.reverb.wet">10</string>
    <string name="viper4android.headphonefx.reverb.roomwidth">0</string>
</map>
