<?xml version="1.0" encoding="utf-8"?>
<afs_conf>
	<project>
	<name>default</name>
	<!---
		<feature>
			<key>dualmic</key>
			<value>1</value>
		</feature>
     -->
	 <!---
		<feature>
			<key>dualspeaker</key>
			<value>1</value>
		</feature>
	-->
	<!---
		<feature>
			<key>ktv</key>
			<value>1</value>
		</feature>
    -->
	<!---
		<feature>
			<key>spkboost</key>
			<value>1</value>
		</feature>
	-->
		<feature>
			<key>hifi</key>
			<value>2</value>
		</feature>
	<!---
		<feature>
			<key>maxxaudio</key>
			<value>1</value>
		</feature>
	-->	
		<feature>
			<key>ModePOM</key>
			<value>1</value>
		</feature>
	</project>
	<project>
		<name>PD1505F_EX</name>
		<!---
		<feature>
			<key>dualmic</key>
			<value>1</value>
		</feature>
		-->
		<!--
		<feature>
			<key>dualspeaker</key>
			<value>1</value>
		</feature>
		-->
		<!--
		<feature>
			<key>ktv</key>
			<value>1</value>
		</feature>
		-->
		<!--
		<feature>
			<key>spkboost</key>
			<value>1</value>
		</feature>
		-->
		<feature>
			<key>hifi</key>
			<value>2</value>
		</feature>
		<!--
		<feature>
			<key>maxxaudio</key>
			<value>1</value>
		</feature>
		-->
		<feature>
			<key>ModePOM</key>
			<value>1</value>
		</feature>
	</project>

</afs_conf>
