<?xml version='1.0' encoding='utf-8' standalone='yes' ?>
<map>
<string name="viper4android.speakerfx.limiter">100</string>
<string name="viper4android.headphonefx.reverb.damp">0</string>
<string name="viper4android.headphonefx.convolver.kernel"></string>
<string name="viper4android.headphonefx.outvol">100</string>
<string name="viper4android.headphonefx.reverb.roomsize">0</string>
<string name="viper4android.headphonefx.fireq">0.0;0.0;0.0;0.0;0.0;0.0;0.0;0.0;0.0;0.0;</string>
<string name="viper4android.headphonefx.playbackgain.volume">80</string>
<string name="viper4android.headphonefx.convolver.crosschannel">0</string>
<string name="viper4android.headphonefx.reverb.dry">50</string>
<boolean name="viper4android.speakerfx.enable" value="false" />
<string name="viper4android.headphonefx.playbackgain.ratio">50</string>
<string name="viper4android.headphonefx.playbackgain.maxscaler">400</string>
<string name="viper4android.headphonefx.reverb.wet">0</string>
<string name="viper4android.headphonefx.reverb.roomwidth">0</string>
</map>
